TeamId,TeamName,TotalUSDPrize,TotalTournaments,Game,Genre
760,San Francisco Shock,3105000,7,Overwatch,First-Person Shooter
776,London Spitfire,1591136.5,13,Overwatch,First-Person Shooter
768,New York Excelsior,1572618.5,18,Overwatch,First-Person Shooter
773,Philadelphia Fusion,1186278.5,15,Overwatch,First-Person Shooter
766,Seoul Dynasty,1130000,6,Overwatch,First-Person Shooter
856,Vancouver Titans,950000,4,Overwatch,First-Person Shooter
769,Shanghai Dragons,755000,5,Overwatch,First-Person Shooter
774,Los Angeles Gladiators,709605.19,13,Overwatch,First-Person Shooter
861,Atlanta Reign,596098,9,Overwatch,First-Person Shooter
770,Los Angeles Valiant,535000,6,Overwatch,First-Person Shooter
216,Team Envy,504391.4,32,Overwatch,First-Person Shooter
860,Hangzhou Spark,425000,3,Overwatch,First-Person Shooter
732,RunAway,420808.84,19,Overwatch,First-Person Shooter
613,Lunatic-hai,320633.66,10,Overwatch,First-Person Shooter
771,Boston Uprising,288606,7,Overwatch,First-Person Shooter
765,GC Busan,262117.51,10,Overwatch,First-Person Shooter
863,Washington Justice,250000,1,Overwatch,First-Person Shooter
557,Rogue,233623.47,22,Overwatch,First-Person Shooter
808,Team Gigantti,224542.69,13,Overwatch,First-Person Shooter
775,Florida Mayhem,212672.5,8,Overwatch,First-Person Shooter
529,Misfits,172484.12,16,Overwatch,First-Person Shooter
227,LGD Gaming,165687.71,14,Overwatch,First-Person Shooter
24950,Osh-Tekk Warriors,161534,2,Overwatch,First-Person Shooter
24708,Talon Esports,159952,7,Overwatch,First-Person Shooter
184,Flash Wolves,157081.66,3,Overwatch,First-Person Shooter
762,Miraculous Youngster,148594.21,7,Overwatch,First-Person Shooter
482,Team Kongdoo,145971.95,15,Overwatch,First-Person Shooter
212,Cloud9,133251.4,36,Overwatch,First-Person Shooter
734,Blank Esports,132105.66,7,Overwatch,First-Person Shooter
767,Houston Outlaws,126172,4,Overwatch,First-Person Shooter
425,NRG Esports,117266.62,10,Overwatch,First-Person Shooter
744,Hong Kong Attitude,116404,6,Overwatch,First-Person Shooter
468,Afreeca Freecs,105281.62,13,Overwatch,First-Person Shooter
687,LuxuryWatch,98604.83,13,Overwatch,First-Person Shooter
411,Immortals,98067.52,11,Overwatch,First-Person Shooter
169,Vici Gaming,98025.65,11,Overwatch,First-Person Shooter
851,Paris Eternal,91600,3,Overwatch,First-Person Shooter
814,Gen.G,90982,6,Overwatch,First-Person Shooter
859,Guangzhou Charge,86250,3,Overwatch,First-Person Shooter
403,ahq e-Sports Club,85500.04,7,Overwatch,First-Person Shooter
612,Team Skadis Gift,80797.99,10,Overwatch,First-Person Shooter
759,Dallas Fuel,80000,3,Overwatch,First-Person Shooter
610,American National Team,77000,6,Overwatch,First-Person Shooter
609,Chinese National Team,77000,6,Overwatch,First-Person Shooter
586,French National Team,77000,6,Overwatch,First-Person Shooter
583,Korean National Team,77000,6,Overwatch,First-Person Shooter
589,Canadian National Team,74500,6,Overwatch,First-Person Shooter
793,Bilibili Gaming,73521.2,5,Overwatch,First-Person Shooter
240,FaZe Clan,73300,13,Overwatch,First-Person Shooter
132,MVP,72944.42,15,Overwatch,First-Person Shooter
635,Australian National Team,72000,6,Overwatch,First-Person Shooter
124,Invictus Gaming,64745.2,11,Overwatch,First-Person Shooter
24832,ORDER,64500,3,Overwatch,First-Person Shooter
118,Fnatic,63939.34,10,Overwatch,First-Person Shooter
588,Finnish National Team,63000,5,Overwatch,First-Person Shooter
584,Swedish National Team,58500,5,Overwatch,First-Person Shooter
608,British National Team,56500,5,Overwatch,First-Person Shooter
857,Toronto Defiant,54400,3,Overwatch,First-Person Shooter
342,Star Horn Royal Club,52328.1,3,Overwatch,First-Person Shooter
846,Nova eSports,50278,4,Overwatch,First-Person Shooter
581,Russian National Team,49500,4,Overwatch,First-Person Shooter
24788,Lowkey Esports,47500,2,Overwatch,First-Person Shooter
579,German National Team,47000,4,Overwatch,First-Person Shooter
599,Spanish National Team,47000,4,Overwatch,First-Person Shooter
637,Taiwanese National Team,47000,4,Overwatch,First-Person Shooter
663,eUnited,45750,4,Overwatch,First-Person Shooter
611,NGA Club,45335.36,7,Overwatch,First-Person Shooter
500,REUNITED,44988.63,29,Overwatch,First-Person Shooter
144,Samsung,43472.95,5,Overwatch,First-Person Shooter
317,Luminosity Gaming,43213.18,16,Overwatch,First-Person Shooter
639,Brazilian National Team,42000,3,Overwatch,First-Person Shooter
638,Thai National Team,42000,3,Overwatch,First-Person Shooter
102,Team Liquid,36216,10,Overwatch,First-Person Shooter
24818,DeToNator,35650,3,Overwatch,First-Person Shooter
708,Team Singularity,35491.54,19,Overwatch,First-Person Shooter
162,Ninjas in Pyjamas,35235.95,5,Overwatch,First-Person Shooter
104,compLexity Gaming,34000,8,Overwatch,First-Person Shooter
602,Danish National Team,34000,3,Overwatch,First-Person Shooter
598,Dutch National Team,34000,3,Overwatch,First-Person Shooter
309,Mindfreak,32400,2,Overwatch,First-Person Shooter
829,Winstrike Team,32064,2,Overwatch,First-Person Shooter
597,Singaporian National Team,32000,3,Overwatch,First-Person Shooter
596,Austrian National Team,29000,3,Overwatch,First-Person Shooter
690,Italian National Team,29000,3,Overwatch,First-Person Shooter
696,Japanese National Team,29000,3,Overwatch,First-Person Shooter
580,Norweigan National Team,29000,3,Overwatch,First-Person Shooter
24893,Third Impact,28450,2,Overwatch,First-Person Shooter
123,World Elite,28231.78,4,Overwatch,First-Person Shooter
318,Snake Esports,27410.98,9,Overwatch,First-Person Shooter
716,Isurus Gaming,27295.01,6,Overwatch,First-Person Shooter
719,GamersOrigin,26900.75,18,Overwatch,First-Person Shooter
24775,Copenhagen Flames,25599.5,4,Overwatch,First-Person Shooter
349,Team Celestial,25187.04,5,Overwatch,First-Person Shooter
587,Polish National Team,24000,2,Overwatch,First-Person Shooter
210,Newbee,21590.82,8,Overwatch,First-Person Shooter
344,OMG,20768.17,4,Overwatch,First-Person Shooter
405,Legacy eSports,20612,5,Overwatch,First-Person Shooter
24796,Triumph,20200,1,Overwatch,First-Person Shooter
830,Ghost Gaming,20000,1,Overwatch,First-Person Shooter
699,Hong Kong National Team,20000,2,Overwatch,First-Person Shooter
181,Jin Air Green Wings,2546572.7,379,Starcraft II,Strategy
102,Team Liquid,1498925.04,808,Starcraft II,Strategy
145,SK Telecom T1,1143991.9,94,Starcraft II,Strategy
131,Incredible Miracle,1111753.4,138,Starcraft II,Strategy
136,StarTale,1014565.47,152,Starcraft II,Strategy
385,ENCE eSports,874436.92,106,Starcraft II,Strategy
177,KT Rolster,869432.12,91,Starcraft II,Strategy
101,Evil Geniuses,785050.9,252,Starcraft II,Strategy
132,MVP,717672.07,331,Starcraft II,Strategy
103,Millenium,673626.51,344,Starcraft II,Strategy
382,Splyce,672400.74,181,Starcraft II,Strategy
134,Prime,635241.44,195,Starcraft II,Strategy
153,ROOT Gaming,627435.83,610,Starcraft II,Strategy
124,Invictus Gaming,618066.17,248,Starcraft II,Strategy
109,Team Acer,587934.65,466,Starcraft II,Strategy
111,mousesports,542901.82,422,Starcraft II,Strategy
577,Ting,491264.06,145,Starcraft II,Strategy
168,mYinsanity,459995.35,405,Starcraft II,Strategy
133,Old Generations,456814.74,77,Starcraft II,Strategy
546,Team expert,449141.08,234,Starcraft II,Strategy
144,Samsung,445432.31,266,Starcraft II,Strategy
141,CJ Entus,428406.59,81,Starcraft II,Strategy
395,PSISTORM Gaming,419733.17,488,Starcraft II,Strategy
137,Team SCV Life,401781.95,186,Starcraft II,Strategy
107,FXOpen e-Sports,396182.42,142,Starcraft II,Strategy
135,SlayerS,383967.89,96,Starcraft II,Strategy
24742,Dragon Phoenix Gaming,356939.13,98,Starcraft II,Strategy
147,Woongjin Stars,342724.34,24,Starcraft II,Strategy
468,Afreeca Freecs,325994.36,220,Starcraft II,Strategy
184,Flash Wolves,281169.44,123,Starcraft II,Strategy
447,STX SouL,257868.69,25,Starcraft II,Strategy
347,CM Storm,253404.17,74,Starcraft II,Strategy
930,Chivo SC,239973.64,65,Starcraft II,Strategy
118,Fnatic,237224.37,145,Starcraft II,Strategy
781,Team QLASH,231495.97,100,Starcraft II,Strategy
442,EURONICS Gaming,229864.05,183,Starcraft II,Strategy
719,GamersOrigin,201116.29,38,Starcraft II,Strategy
210,Newbee,198251.54,55,Starcraft II,Strategy
117,Team Dignitas,192653.77,217,Starcraft II,Strategy
112,SK Gaming,184671.48,48,Starcraft II,Strategy
164,Axiom eSports,176342.72,109,Starcraft II,Strategy
621,Ballistix,175000,1,Starcraft II,Strategy
934,Team Reciprocity,166770.55,23,Starcraft II,Strategy
115,Team Empire,155746.38,277,Starcraft II,Strategy
931,Triumphant Song Gaming,155201.39,105,Starcraft II,Strategy
183,AZUBU,151662.65,38,Starcraft II,Strategy
24709,KaiZi Gaming,151451.32,96,Starcraft II,Strategy
106,Quantic Gaming,137582.67,91,Starcraft II,Strategy
312,Dead Pixels,132577.26,254,Starcraft II,Strategy
220,Team Roccat,132070.52,66,Starcraft II,Strategy
824,The Gosu Crew,131096.69,22,Starcraft II,Strategy
926,Mkers,128727.5,58,Starcraft II,Strategy
104,compLexity Gaming,123940.64,124,Starcraft II,Strategy
486,Zenith of Origin,119710.33,80,Starcraft II,Strategy
409,True eSport,117357.81,190,Starcraft II,Strategy
113,ALTERNATE aTTaX,115633.24,156,Starcraft II,Strategy
24776,Raise Your Edge Gaming,110702.49,83,Starcraft II,Strategy
314,Karont3 e-Sports Club,105866.02,38,Starcraft II,Strategy
130,New Star HoSeo,102207.62,49,Starcraft II,Strategy
180,Cascade,100985.11,174,Starcraft II,Strategy
315,Invasion eSport,99897.23,125,Starcraft II,Strategy
726,OSC Elite,99817.22,147,Starcraft II,Strategy
24678,Brave Star Gaming,99294.24,99,Starcraft II,Strategy
290,Ocean Gaming,97841.4,51,Starcraft II,Strategy
138,ZeNEX,95798.79,46,Starcraft II,Strategy
653,Arma Team,92710.71,68,Starcraft II,Strategy
216,Team Envy,87486.76,25,Starcraft II,Strategy
261,Alliance,84650.09,20,Starcraft II,Strategy
121,Radical Online X-tremists,78734.83,120,Starcraft II,Strategy
114,mTw,75389,79,Starcraft II,Strategy
127,Gama Bears,68732.28,23,Starcraft II,Strategy
157,Wayi Spider,66428.61,37,Starcraft II,Strategy
454,Alien Invasion,65750.44,129,Starcraft II,Strategy
408,X-Team,65599.84,62,Starcraft II,Strategy
120,ESC Gaming,62239.12,198,Starcraft II,Strategy
434,AT Gaming,59654.91,59,Starcraft II,Strategy
794,TitanEX1,58132.79,64,Starcraft II,Strategy
583,Korean National Team,55891.44,5,Starcraft II,Strategy
740,AGO Esports,55366.6,33,Starcraft II,Strategy
384,NewRoSoft,53962.44,64,Starcraft II,Strategy
129,For Our Utopia,52647.06,18,Starcraft II,Strategy
348,XMG,52604.36,84,Starcraft II,Strategy
266,Planetkey Dynamics,51720.23,58,Starcraft II,Strategy
217,Team Property,50391.62,23,Starcraft II,Strategy
405,Legacy eSports,50235.16,37,Starcraft II,Strategy
174,Western Wolves,50152.29,31,Starcraft II,Strategy
929,Pixel 1,48592.1,39,Starcraft II,Strategy
234,Elevate,47660.38,50,Starcraft II,Strategy
505,J Team,47608.71,20,Starcraft II,Strategy
215,FlipSid3 Tactics,46303.49,81,Starcraft II,Strategy
233,TCM Gaming,41244.11,41,Starcraft II,Strategy
551,Team Revolution,41089.28,72,Starcraft II,Strategy
668,Asterion,37175.72,68,Starcraft II,Strategy
744,Hong Kong Attitude,36703.17,18,Starcraft II,Strategy
506,Team SPACECRAFT,36071.09,39,Starcraft II,Strategy
125,PanDarea,34319.75,7,Starcraft II,Strategy
320,SBENU,34211.12,28,Starcraft II,Strategy
123,World Elite,33964.24,20,Starcraft II,Strategy
816,O'Gaming,31870.64,44,Starcraft II,Strategy
176,Exile5,31490.59,58,Starcraft II,Strategy
145,SK Telecom T1,7139771.24,46,League of Legends,Multiplayer Online Battle Arena
144,Samsung,4252048.74,19,League of Legends,Multiplayer Online Battle Arena
124,Invictus Gaming,4176617.93,65,League of Legends,Multiplayer Online Battle Arena
343,Royal Never Give Up,3109363.51,26,League of Legends,Multiplayer Online Battle Arena
118,Fnatic,2883801.44,73,League of Legends,Multiplayer Online Battle Arena
311,EDward Gaming,2735906.7,41,League of Legends,Multiplayer Online Battle Arena
256,G2 Esports,2423913.52,53,League of Legends,Multiplayer Online Battle Arena
212,Cloud9,1845716.65,68,League of Legends,Multiplayer Online Battle Arena
123,World Elite,1783573.42,62,League of Legends,Multiplayer Online Battle Arena
196,Team SoloMid,1695975.02,77,League of Legends,Multiplayer Online Battle Arena
213,Taipei Assassins,1529565.39,24,League of Legends,Multiplayer Online Battle Arena
24706,FunPlus Phoenix,1351265.67,10,League of Legends,Multiplayer Online Battle Arena
184,Flash Wolves,1302176.88,36,League of Legends,Multiplayer Online Battle Arena
177,KT Rolster,1142290.13,40,League of Legends,Multiplayer Online Battle Arena
802,Top Esports,1024395.86,9,League of Legends,Multiplayer Online Battle Arena
267,ROX Gaming,979041.98,12,League of Legends,Multiplayer Online Battle Arena
207,Counter Logic Gaming,951858.22,72,League of Legends,Multiplayer Online Battle Arena
102,Team Liquid,900463.5,24,League of Legends,Multiplayer Online Battle Arena
24703,DAMWON Gaming,873905.84,11,League of Legends,Multiplayer Online Battle Arena
403,ahq e-Sports Club,840606.45,33,League of Legends,Multiplayer Online Battle Arena
916,JD Gaming,836118.08,10,League of Legends,Multiplayer Online Battle Arena
344,OMG,722072.89,28,League of Legends,Multiplayer Online Battle Arena
342,Star Horn Royal Club,707196.07,25,League of Legends,Multiplayer Online Battle Arena
795,DragonX,694398.74,14,League of Legends,Multiplayer Online Battle Arena
305,NaJin e-mFire,616799.21,35,League of Legends,Multiplayer Online Battle Arena
287,H2K,597032.96,20,League of Legends,Multiplayer Online Battle Arena
227,LGD Gaming,512324.15,22,League of Legends,Multiplayer Online Battle Arena
468,Afreeca Freecs,494452.56,14,League of Legends,Multiplayer Online Battle Arena
192,Gambit Esports,493101.79,30,League of Legends,Multiplayer Online Battle Arena
24667,Suning,466293.44,2,League of Legends,Multiplayer Online Battle Arena
529,Misfits,433084.72,21,League of Legends,Multiplayer Online Battle Arena
112,SK Gaming,421665.24,85,League of Legends,Multiplayer Online Battle Arena
313,Origen,420582.91,15,League of Legends,Multiplayer Online Battle Arena
141,CJ Entus,419505.27,31,League of Legends,Multiplayer Online Battle Arena
183,AZUBU,399501.38,8,League of Legends,Multiplayer Online Battle Arena
265,Unicorns of Love,385930.36,47,League of Legends,Multiplayer Online Battle Arena
362,DetonatioN,375020.25,14,League of Legends,Multiplayer Online Battle Arena
814,Gen.G,370848.41,10,League of Legends,Multiplayer Online Battle Arena
485,Longzhu Gaming,347907.81,7,League of Legends,Multiplayer Online Battle Arena
821,Griffin,340668.2,12,League of Legends,Multiplayer Online Battle Arena
713,Marines Esports,340105.46,13,League of Legends,Multiplayer Online Battle Arena
204,Moscow Five,338435.21,33,League of Legends,Multiplayer Online Battle Arena
516,I May,335703.2,5,League of Legends,Multiplayer Online Battle Arena
382,Splyce,311433.5,11,League of Legends,Multiplayer Online Battle Arena
318,Snake Esports,306151.92,15,League of Legends,Multiplayer Online Battle Arena
169,Vici Gaming,304346.61,12,League of Legends,Multiplayer Online Battle Arena
193,Team LDLC.com,290534.04,41,League of Legends,Multiplayer Online Battle Arena
251,Vitality,289676.3,19,League of Legends,Multiplayer Online Battle Arena
132,MVP,278053.2,27,League of Legends,Multiplayer Online Battle Arena
111,mousesports,267924.75,59,League of Legends,Multiplayer Online Battle Arena
117,Team Dignitas,257562.2,46,League of Legends,Multiplayer Online Battle Arena
24777,NASR eSports,252500,2,League of Legends,Multiplayer Online Battle Arena
103,Millenium,248283.32,59,League of Legends,Multiplayer Online Battle Arena
575,Albus NoX Luna,238702.5,3,League of Legends,Multiplayer Online Battle Arena
440,Illuminar Gaming,238301.36,33,League of Legends,Multiplayer Online Battle Arena
787,100 Thieves,237475,7,League of Legends,Multiplayer Online Battle Arena
413,eSuba,237472.51,40,League of Legends,Multiplayer Online Battle Arena
181,Jin Air Green Wings,218553.88,32,League of Legends,Multiplayer Online Battle Arena
664,FlyQuest,215250,7,League of Legends,Multiplayer Online Battle Arena
208,KaBuM! e-Sports,211740.9,28,League of Legends,Multiplayer Online Battle Arena
442,EURONICS Gaming,210216.22,48,League of Legends,Multiplayer Online Battle Arena
513,Schalke 04 Esports,207984.52,17,League of Legends,Multiplayer Online Battle Arena
396,paiN Gaming,207841.84,31,League of Legends,Multiplayer Online Battle Arena
531,Saigon Jokers,201934.86,25,League of Legends,Multiplayer Online Battle Arena
236,Team Curse,198907.95,62,League of Legends,Multiplayer Online Battle Arena
743,Kaos Latin Gamers,198769.35,14,League of Legends,Multiplayer Online Battle Arena
544,INTZ eSports,197810.93,24,League of Legends,Multiplayer Online Battle Arena
505,J Team,197654.1,15,League of Legends,Multiplayer Online Battle Arena
719,GamersOrigin,195460.56,32,League of Legends,Multiplayer Online Battle Arena
736,Young Miracles,193302,5,League of Legends,Multiplayer Online Battle Arena
658,BIG,192775.71,24,League of Legends,Multiplayer Online Battle Arena
414,Dark Passage,186871.49,23,League of Legends,Multiplayer Online Battle Arena
744,Hong Kong Attitude,184521.78,17,League of Legends,Multiplayer Online Battle Arena
745,Lyon Gaming,184012.05,16,League of Legends,Multiplayer Online Battle Arena
797,Rogue Warriors,179599.62,5,League of Legends,Multiplayer Online Battle Arena
24748,MAD Lions,177719.21,9,League of Legends,Multiplayer Online Battle Arena
340,Qiao Gu Reapers,171577.28,7,League of Legends,Multiplayer Online Battle Arena
416,Positive Energy,154778.03,8,League of Legends,Multiplayer Online Battle Arena
131,Incredible Miracle,154615.32,26,League of Legends,Multiplayer Online Battle Arena
341,Team King,152173.93,9,League of Legends,Multiplayer Online Battle Arena
411,Immortals,151837,5,League of Legends,Multiplayer Online Battle Arena
197,Copenhagen Wolves,150220.76,29,League of Legends,Multiplayer Online Battle Arena
962,SinoDragon,146609.8,5,League of Legends,Multiplayer Online Battle Arena
557,Rogue,136453.23,10,League of Legends,Multiplayer Online Battle Arena
121,Radical Online X-tremists,134286.3,26,League of Legends,Multiplayer Online Battle Arena
319,Vega Squadron,132273.23,14,League of Legends,Multiplayer Online Battle Arena
268,Keyd Stars,130240.11,31,League of Legends,Multiplayer Online Battle Arena
404,Bangkok Titans,129837.01,22,League of Legends,Multiplayer Online Battle Arena
389,Maximum Impact Gaming,129499.39,4,League of Legends,Multiplayer Online Battle Arena
793,Bilibili Gaming,125362.2,4,League of Legends,Multiplayer Online Battle Arena
331,Giants Gaming,122226.08,35,League of Legends,Multiplayer Online Battle Arena
682,Kuala Lumpur Hunters,119837.07,26,League of Legends,Multiplayer Online Battle Arena
162,Ninjas in Pyjamas,119575.32,24,League of Legends,Multiplayer Online Battle Arena
261,Alliance,115000,5,League of Legends,Multiplayer Online Battle Arena
210,Newbee,112151.4,4,League of Legends,Multiplayer Online Battle Arena
119,Meet Your Makers,110739.31,65,League of Legends,Multiplayer Online Battle Arena
443,ESC Ever,110031.24,7,League of Legends,Multiplayer Online Battle Arena
24780,EVOS,109233.82,5,League of Legends,Multiplayer Online Battle Arena
373,LMQ,109112.01,8,League of Legends,Multiplayer Online Battle Arena
398,CNB e-Sports Club,107540.5,26,League of Legends,Multiplayer Online Battle Arena
571,Lazarus,3708150,24,Fortnite,Battle Royale
24684,Cooler Esport,3299864.26,27,Fortnite,Battle Royale
24687,Sentinels,3166116.68,20,Fortnite,Battle Royale
787,100 Thieves,2197413.68,36,Fortnite,Battle Royale
240,FaZe Clan,2118743.79,77,Fortnite,Battle Royale
196,Team SoloMid,1950965.22,105,Fortnite,Battle Royale
207,Counter Logic Gaming,1855435,12,Fortnite,Battle Royale
425,NRG Esports,1824653.8,61,Fortnite,Battle Royale
850,LeStream Esport,1355092.35,22,Fortnite,Battle Royale
102,Team Liquid,1222866.66,50,Fortnite,Battle Royale
830,Ghost Gaming,1196623.61,58,Fortnite,Battle Royale
24884,9z Team,1000950,4,Fortnite,Battle Royale
24690,Kungarna,712075.89,17,Fortnite,Battle Royale
24898,Valhalla Vikings,709300,5,Fortnite,Battle Royale
833,Solary,629049.47,46,Fortnite,Battle Royale
852,Team Atlantis,586429.44,44,Fortnite,Battle Royale
923,Eleven Gaming,522100,31,Fortnite,Battle Royale
212,Cloud9,428777.6,15,Fortnite,Battle Royale
185,Virtus.pro,312461.47,15,Fortnite,Battle Royale
529,Misfits,292900,14,Fortnite,Battle Royale
192,Gambit Esports,278684.31,32,Fortnite,Battle Royale
24668,World Best Gaming,262500,1,Fortnite,Battle Royale
251,Vitality,247554.1,26,Fortnite,Battle Royale
24900,Become Legends,242330,24,Fortnite,Battle Royale
719,GamersOrigin,238280.44,13,Fortnite,Battle Royale
145,SK Telecom T1,232150,7,Fortnite,Battle Royale
211,Team Secret,196525.38,25,Fortnite,Battle Royale
322,Team Kinguin,183047.82,14,Fortnite,Battle Royale
834,Gentside Esports Club,180275.55,9,Fortnite,Battle Royale
24881,Crazy Raccoon,160041,3,Fortnite,Battle Royale
104,compLexity Gaming,154750,9,Fortnite,Battle Royale
24879,TrainHard eSport,154396.6,18,Fortnite,Battle Royale
118,Fnatic,153230,24,Fortnite,Battle Royale
216,Team Envy,151000,10,Fortnite,Battle Royale
24902,Executors One,150000,2,Fortnite,Battle Royale
103,Millenium,133602.1,10,Fortnite,Battle Royale
462,exceL eSports,130900,4,Fortnite,Battle Royale
24878,MCES,117150,22,Fortnite,Battle Royale
317,Luminosity Gaming,114266.68,17,Fortnite,Battle Royale
24899,Helsinki REDS,113230,3,Fortnite,Battle Royale
481,Supremacy,111808.94,20,Fortnite,Battle Royale
163,Natus Vincere,111380,8,Fortnite,Battle Royale
740,AGO Esports,110850,7,Fortnite,Battle Royale
337,Tempo Storm,110000,2,Fortnite,Battle Royale
210,Newbee,105100,3,Fortnite,Battle Royale
123,World Elite,101500,2,Fortnite,Battle Royale
24774,Riot Squad Esports,100000,2,Fortnite,Battle Royale
261,Alliance,72245.11,8,Fortnite,Battle Royale
338,Renegades,63597.6,10,Fortnite,Battle Royale
24991,Optimal Ambition,62333.34,3,Fortnite,Battle Royale
835,Oserv Esport,59506.41,9,Fortnite,Battle Royale
24903,M10 Esports,59100,10,Fortnite,Battle Royale
24706,FunPlus Phoenix,57247,5,Fortnite,Battle Royale
708,Team Singularity,56032.23,8,Fortnite,Battle Royale
24882,Raised by Kings,54837.6,5,Fortnite,Battle Royale
24901,Dynamind,50650,2,Fortnite,Battle Royale
24904,Riddle,50400,2,Fortnite,Battle Royale
24905,Stratum Esports,50300,2,Fortnite,Battle Royale
963,FURIA Esports,50000,1,Fortnite,Battle Royale
951,Team GamerLegion,50000,1,Fortnite,Battle Royale
832,Team Queso,50000,1,Fortnite,Battle Royale
674,The Chiefs eSports Club,50000,1,Fortnite,Battle Royale
24938,Wave Esports,44080,23,Fortnite,Battle Royale
24996,Built By Gamers,35633.32,5,Fortnite,Battle Royale
826,Rise Nation,31000,3,Fortnite,Battle Royale
501,GODSENT,30350,13,Fortnite,Battle Royale
231,OpTic Gaming,25200,7,Fortnite,Battle Royale
24993,XSET,23200,5,Fortnite,Battle Royale
548,Method,17725.05,7,Fortnite,Battle Royale
24782,BDS Esport,14650,5,Fortnite,Battle Royale
24985,Ovation eSports,12750,8,Fortnite,Battle Royale
24919,Exalty,11850.96,11,Fortnite,Battle Royale
316,Beşiktaş e-Sports Club,10000,1,Fortnite,Battle Royale
742,Fade 2 Karma,10000,1,Fortnite,Battle Royale
814,Gen.G,9481.8,4,Fortnite,Battle Royale
111,mousesports,7500,2,Fortnite,Battle Royale
162,Ninjas in Pyjamas,7500,1,Fortnite,Battle Royale
24984,Grizi Esport,7400,8,Fortnite,Battle Royale
557,Rogue,7225,4,Fortnite,Battle Royale
24682,Veloce Esports,6300,4,Fortnite,Battle Royale
193,Team LDLC.com,6100,5,Fortnite,Battle Royale
340,Qiao Gu Reapers,5844.16,1,Fortnite,Battle Royale
24718,Project EVERSIO,5739.24,6,Fortnite,Battle Royale
405,Legacy eSports,5655.2,2,Fortnite,Battle Royale
24880,Team Parallel,5625.8,3,Fortnite,Battle Royale
663,eUnited,5000,1,Fortnite,Battle Royale
533,ExAequo,5000,1,Fortnite,Battle Royale
664,FlyQuest,5000,1,Fortnite,Battle Royale
24994,Cosa Nostra Games,4500,3,Fortnite,Battle Royale
825,Pittsburgh Knights,4000,2,Fortnite,Battle Royale
24775,Copenhagen Flames,3850,4,Fortnite,Battle Royale
24983,Enterprise Gaming,3850,6,Fortnite,Battle Royale
209,HellRaisers,3200,1,Fortnite,Battle Royale
730,Mock-It eSports,3000,1,Fortnite,Battle Royale
838,Team Requiem,2922.34,3,Fortnite,Battle Royale
24987,Granit Gaming,2600,3,Fortnite,Battle Royale
837,War Legend,2128.81,3,Fortnite,Battle Royale
24995,vsBANDITS,2000,1,Fortnite,Battle Royale
829,Winstrike Team,1500,1,Fortnite,Battle Royale
24997,Rams,1200,1,Fortnite,Battle Royale
466,Astralis,8503918.81,95,Counter-Strike: Global Offensive,First-Person Shooter
102,Team Liquid,4675925.35,138,Counter-Strike: Global Offensive,First-Person Shooter
118,Fnatic,4653396.2,202,Counter-Strike: Global Offensive,First-Person Shooter
163,Natus Vincere,3852176.82,159,Counter-Strike: Global Offensive,First-Person Shooter
185,Virtus.pro,3708190.63,164,Counter-Strike: Global Offensive,First-Person Shooter
240,FaZe Clan,3693528.94,104,Counter-Strike: Global Offensive,First-Person Shooter
111,mousesports,3014009.9,169,Counter-Strike: Global Offensive,First-Person Shooter
112,SK Gaming,2869076.54,85,Counter-Strike: Global Offensive,First-Person Shooter
162,Ninjas in Pyjamas,2864971.31,185,Counter-Strike: Global Offensive,First-Person Shooter
212,Cloud9,2571291.19,182,Counter-Strike: Global Offensive,First-Person Shooter
256,G2 Esports,2395354.84,111,Counter-Strike: Global Offensive,First-Person Shooter
216,Team Envy,2283113.9,119,Counter-Strike: Global Offensive,First-Person Shooter
192,Gambit Esports,1649386.58,80,Counter-Strike: Global Offensive,First-Person Shooter
251,Vitality,1558704.5,39,Counter-Strike: Global Offensive,First-Person Shooter
221,MIBR,1499032.09,58,Counter-Strike: Global Offensive,First-Person Shooter
317,Luminosity Gaming,1472759.47,84,Counter-Strike: Global Offensive,First-Person Shooter
231,OpTic Gaming,1355766.25,69,Counter-Strike: Global Offensive,First-Person Shooter
126,TyLoo,1232487.93,104,Counter-Strike: Global Offensive,First-Person Shooter
657,North,1199410.05,71,Counter-Strike: Global Offensive,First-Person Shooter
425,NRG Esports,1151975,89,Counter-Strike: Global Offensive,First-Person Shooter
104,compLexity Gaming,1112298.52,119,Counter-Strike: Global Offensive,First-Person Shooter
558,Heroic,1111397.85,76,Counter-Strike: Global Offensive,First-Person Shooter
385,ENCE eSports,1100534.22,64,Counter-Strike: Global Offensive,First-Person Shooter
117,Team Dignitas,1063314.3,95,Counter-Strike: Global Offensive,First-Person Shooter
658,BIG,1003931.45,90,Counter-Strike: Global Offensive,First-Person Shooter
338,Renegades,988341.74,81,Counter-Strike: Global Offensive,First-Person Shooter
101,Evil Geniuses,888450,25,Counter-Strike: Global Offensive,First-Person Shooter
963,FURIA Esports,873105,53,Counter-Strike: Global Offensive,First-Person Shooter
209,HellRaisers,844550.08,94,Counter-Strike: Global Offensive,First-Person Shooter
322,Team Kinguin,837573.07,93,Counter-Strike: Global Offensive,First-Person Shooter
933,Windigo Gaming,761284.2,79,Counter-Strike: Global Offensive,First-Person Shooter
420,Space Soldiers,760687.53,75,Counter-Strike: Global Offensive,First-Person Shooter
805,AVANGAR,741234.01,58,Counter-Strike: Global Offensive,First-Person Shooter
169,Vici Gaming,725920.46,70,Counter-Strike: Global Offensive,First-Person Shooter
740,AGO Esports,662989.25,56,Counter-Strike: Global Offensive,First-Person Shooter
207,Counter Logic Gaming,661286.14,88,Counter-Strike: Global Offensive,First-Person Shooter
24748,MAD Lions,655837.22,15,Counter-Strike: Global Offensive,First-Person Shooter
193,Team LDLC.com,630876.2,115,Counter-Strike: Global Offensive,First-Person Shooter
196,Team SoloMid,613660.69,40,Counter-Strike: Global Offensive,First-Person Shooter
411,Immortals,578050,30,Counter-Strike: Global Offensive,First-Person Shooter
501,GODSENT,551256.14,66,Counter-Strike: Global Offensive,First-Person Shooter
195,Epsilon eSports,534867.08,110,Counter-Strike: Global Offensive,First-Person Shooter
419,OG,487250,15,Counter-Strike: Global Offensive,First-Person Shooter
671,Tricked eSports,476856.17,75,Counter-Strike: Global Offensive,First-Person Shooter
954,forZe,474262.55,60,Counter-Strike: Global Offensive,First-Person Shooter
494,Team Spirit,454001.21,65,Counter-Strike: Global Offensive,First-Person Shooter
24773,HAVU Gaming,450547.34,51,Counter-Strike: Global Offensive,First-Person Shooter
113,ALTERNATE aTTaX,404718.49,120,Counter-Strike: Global Offensive,First-Person Shooter
132,MVP,381670.12,40,Counter-Strike: Global Offensive,First-Person Shooter
790,Sprout,328749.05,40,Counter-Strike: Global Offensive,First-Person Shooter
215,FlipSid3 Tactics,324196.24,53,Counter-Strike: Global Offensive,First-Person Shooter
319,Vega Squadron,319706.6,52,Counter-Strike: Global Offensive,First-Person Shooter
581,Russian National Team,281476.36,5,Counter-Strike: Global Offensive,First-Person Shooter
383,Chaos Esports Club,277650,46,Counter-Strike: Global Offensive,First-Person Shooter
920,CR4ZY,256655.64,36,Counter-Strike: Global Offensive,First-Person Shooter
663,eUnited,250275,106,Counter-Strike: Global Offensive,First-Person Shooter
660,Bravado Gaming,231652.52,39,Counter-Strike: Global Offensive,First-Person Shooter
674,The Chiefs eSports Club,213056.53,61,Counter-Strike: Global Offensive,First-Person Shooter
205,PENTA Sports,193765.9,67,Counter-Strike: Global Offensive,First-Person Shooter
194,Titan eSports,192401.15,35,Counter-Strike: Global Offensive,First-Person Shooter
787,100 Thieves,190500,12,Counter-Strike: Global Offensive,First-Person Shooter
830,Ghost Gaming,168829,42,Counter-Strike: Global Offensive,First-Person Shooter
24787,Endpoint,166760.45,30,Counter-Strike: Global Offensive,First-Person Shooter
814,Gen.G,165600,11,Counter-Strike: Global Offensive,First-Person Shooter
539,The Imperial,161986.06,28,Counter-Strike: Global Offensive,First-Person Shooter
337,Tempo Storm,160634.6,26,Counter-Strike: Global Offensive,First-Person Shooter
442,EURONICS Gaming,154436.82,38,Counter-Strike: Global Offensive,First-Person Shooter
557,Rogue,154308.75,29,Counter-Strike: Global Offensive,First-Person Shooter
440,Illuminar Gaming,151032.27,19,Counter-Strike: Global Offensive,First-Person Shooter
707,Movistar Riders,146030.98,37,Counter-Strike: Global Offensive,First-Person Shooter
323,x6tence,145987.69,48,Counter-Strike: Global Offensive,First-Person Shooter
529,Misfits,144700,29,Counter-Strike: Global Offensive,First-Person Shooter
262,Vox Eminor,144519.35,39,Counter-Strike: Global Offensive,First-Person Shooter
708,Team Singularity,143139.46,70,Counter-Strike: Global Offensive,First-Person Shooter
716,Isurus Gaming,141840.33,37,Counter-Strike: Global Offensive,First-Person Shooter
24844,SJ Gaming,140221.04,33,Counter-Strike: Global Offensive,First-Person Shooter
218,Team VeryGames,137179.5,30,Counter-Strike: Global Offensive,First-Person Shooter
739,PRIDE Gaming,132489.54,78,Counter-Strike: Global Offensive,First-Person Shooter
521,Selfless Gaming,123835.6,19,Counter-Strike: Global Offensive,First-Person Shooter
451,Echo Fox,117300,17,Counter-Strike: Global Offensive,First-Person Shooter
124,Invictus Gaming,116912.99,25,Counter-Strike: Global Offensive,First-Person Shooter
382,Splyce,116657.3,26,Counter-Strike: Global Offensive,First-Person Shooter
24775,Copenhagen Flames,110388.35,22,Counter-Strike: Global Offensive,First-Person Shooter
24907,Nemiga Gaming,103339.02,22,Counter-Strike: Global Offensive,First-Person Shooter
489,The MongolZ,102568.14,19,Counter-Strike: Global Offensive,First-Person Shooter
829,Winstrike Team,101245.66,31,Counter-Strike: Global Offensive,First-Person Shooter
24835,BOOM Esports,100869.16,12,Counter-Strike: Global Offensive,First-Person Shooter
331,Giants Gaming,100563.02,26,Counter-Strike: Global Offensive,First-Person Shooter
951,Team GamerLegion,99060.07,11,Counter-Strike: Global Offensive,First-Person Shooter
544,INTZ eSports,98935.21,52,Counter-Strike: Global Offensive,First-Person Shooter
914,Grayhound Gaming,96885.12,14,Counter-Strike: Global Offensive,First-Person Shooter
203,3DMAX,96762.13,41,Counter-Strike: Global Offensive,First-Person Shooter
24793,Team One,93354.62,21,Counter-Strike: Global Offensive,First-Person Shooter
24795,PACT,92854.77,24,Counter-Strike: Global Offensive,First-Person Shooter
965,ARCY,92840.1,18,Counter-Strike: Global Offensive,First-Person Shooter
24772,Swole Patrol,88000,24,Counter-Strike: Global Offensive,First-Person Shooter
24845,KOVA Esports,87185.26,16,Counter-Strike: Global Offensive,First-Person Shooter
24720,Syman Gaming,86874,18,Counter-Strike: Global Offensive,First-Person Shooter
644,iGame.com,86488.02,18,Counter-Strike: Global Offensive,First-Person Shooter
219,iBUYPOWER,86007.46,19,Counter-Strike: Global Offensive,First-Person Shooter
419,OG,33810636.13,68,Dota 2,Multiplayer Online Battle Arena
102,Team Liquid,22967431.1,96,Dota 2,Multiplayer Online Battle Arena
101,Evil Geniuses,19988670.62,115,Dota 2,Multiplayer Online Battle Arena
210,Newbee,13523736.43,98,Dota 2,Multiplayer Online Battle Arena
211,Team Secret,11492345.09,79,Dota 2,Multiplayer Online Battle Arena
169,Vici Gaming,11182792.92,121,Dota 2,Multiplayer Online Battle Arena
227,LGD Gaming,10072755.42,79,Dota 2,Multiplayer Online Battle Arena
185,Virtus.pro,10037385.11,125,Dota 2,Multiplayer Online Battle Arena
507,Wings Gaming,9739247.35,24,Dota 2,Multiplayer Online Battle Arena
623,Paris Saint-Germain Esports,9066946.69,27,Dota 2,Multiplayer Online Battle Arena
124,Invictus Gaming,6379320.97,127,Dota 2,Multiplayer Online Battle Arena
163,Natus Vincere,4887214.87,119,Dota 2,Multiplayer Online Battle Arena
261,Alliance,4821664.38,110,Dota 2,Multiplayer Online Battle Arena
383,Chaos Esports Club,4588813,28,Dota 2,Multiplayer Online Battle Arena
561,TnC Gaming,4438715.42,54,Dota 2,Multiplayer Online Battle Arena
118,Fnatic,4077969.64,98,Dota 2,Multiplayer Online Battle Arena
225,EHOME,3885246.08,67,Dota 2,Multiplayer Online Battle Arena
300,CDEC Gaming,3704903.32,52,Dota 2,Multiplayer Online Battle Arena
132,MVP,3035123.95,40,Dota 2,Multiplayer Online Battle Arena
427,Mineski,2234647.17,49,Dota 2,Multiplayer Online Battle Arena
212,Cloud9,2123549.64,38,Dota 2,Multiplayer Online Battle Arena
115,Team Empire,2057457.3,120,Dota 2,Multiplayer Online Battle Arena
285,Team DK,1538998.85,27,Dota 2,Multiplayer Online Battle Arena
763,Infamous,1366548.6,50,Dota 2,Multiplayer Online Battle Arena
919,Keen Gaming,1274656.35,36,Dota 2,Multiplayer Online Battle Arena
231,OpTic Gaming,1242599,13,Dota 2,Multiplayer Online Battle Arena
343,Royal Never Give Up,1172901.26,27,Dota 2,Multiplayer Online Battle Arena
162,Ninjas in Pyjamas,1000100.08,51,Dota 2,Multiplayer Online Battle Arena
104,compLexity Gaming,904666.99,47,Dota 2,Multiplayer Online Battle Arena
581,Russian National Team,802000,2,Dota 2,Multiplayer Online Battle Arena
396,paiN Gaming,753508.98,33,Dota 2,Multiplayer Online Battle Arena
192,Gambit Esports,683779.84,30,Dota 2,Multiplayer Online Battle Arena
301,TongFu,578260.48,31,Dota 2,Multiplayer Online Battle Arena
518,Ad Finem,544089.37,13,Dota 2,Multiplayer Online Battle Arena
319,Vega Squadron,530116.38,46,Dota 2,Multiplayer Online Battle Arena
24734,Nigma,500124,13,Dota 2,Multiplayer Online Battle Arena
840,Team Serenity,491431.75,9,Dota 2,Multiplayer Online Battle Arena
829,Winstrike Team,416233,10,Dota 2,Multiplayer Online Battle Arena
286,Orange Esports,399432.59,25,Dota 2,Multiplayer Online Battle Arena
494,Team Spirit,337002.41,40,Dota 2,Multiplayer Online Battle Arena
209,HellRaisers,336892.17,34,Dota 2,Multiplayer Online Battle Arena
817,FlyToMoon,335161,15,Dota 2,Multiplayer Online Battle Arena
918,Execration,303807.43,22,Dota 2,Multiplayer Online Battle Arena
909,Team Aster,298218.19,28,Dota 2,Multiplayer Online Battle Arena
226,Rave,285198.43,17,Dota 2,Multiplayer Online Battle Arena
24746,Geek Fam,284938.05,20,Dota 2,Multiplayer Online Battle Arena
24705,Team Faceless,281033,10,Dota 2,Multiplayer Online Battle Arena
24835,BOOM Esports,276570,24,Dota 2,Multiplayer Online Battle Arena
910,J.Storm,258600,12,Dota 2,Multiplayer Online Battle Arena
253,SG e-sports,256201.55,15,Dota 2,Multiplayer Online Battle Arena
111,mousesports,250648.85,35,Dota 2,Multiplayer Online Battle Arena
712,Team NP,224679,9,Dota 2,Multiplayer Online Battle Arena
24672,Vikin.gg,219906.93,24,Dota 2,Multiplayer Online Battle Arena
224,Big God,218550.13,2,Dota 2,Multiplayer Online Battle Arena
955,Quincy Crew,186422,12,Dota 2,Multiplayer Online Battle Arena
922,Tigers,169171.28,5,Dota 2,Multiplayer Online Battle Arena
646,Escape Gaming,167996.9,5,Dota 2,Multiplayer Online Battle Arena
748,beastcoast,164350,17,Dota 2,Multiplayer Online Battle Arena
228,HyperGloryTeam,160922.77,9,Dota 2,Multiplayer Online Battle Arena
24715,Team Adroit,156240.3,18,Dota 2,Multiplayer Online Battle Arena
678,Scythe Gaming,152384,5,Dota 2,Multiplayer Online Battle Arena
700,Greek National Team,150000,1,Dota 2,Multiplayer Online Battle Arena
257,Team Tinker,124439.09,15,Dota 2,Multiplayer Online Battle Arena
243,Speed Gaming,116355.64,10,Dota 2,Multiplayer Online Battle Arena
842,4 Clovers & Lepricon,105298.45,8,Dota 2,Multiplayer Online Battle Arena
839,Forward Gaming,102510,11,Dota 2,Multiplayer Online Battle Arena
299,Power Rangers,101372.62,34,Dota 2,Multiplayer Online Battle Arena
136,StarTale,96108.79,2,Dota 2,Multiplayer Online Battle Arena
539,The Imperial,92460.6,14,Dota 2,Multiplayer Online Battle Arena
119,Meet Your Makers,89422.58,4,Dota 2,Multiplayer Online Battle Arena
329,Team Malaysia,88584.27,9,Dota 2,Multiplayer Online Battle Arena
24847,Fighting PandaS,88000,5,Dota 2,Multiplayer Online Battle Arena
720,Planet Odd,83500,4,Dota 2,Multiplayer Online Battle Arena
121,Radical Online X-tremists,83055.7,24,Dota 2,Multiplayer Online Battle Arena
322,Team Kinguin,81015,7,Dota 2,Multiplayer Online Battle Arena
194,Titan eSports,76156.9,10,Dota 2,Multiplayer Online Battle Arena
582,Ukranian National Team,75992.12,4,Dota 2,Multiplayer Online Battle Arena
920,CR4ZY,71082,11,Dota 2,Multiplayer Online Battle Arena
24818,DeToNator,67098.17,5,Dota 2,Multiplayer Online Battle Arena
204,Moscow Five,66381.89,18,Dota 2,Multiplayer Online Battle Arena
844,Sigma,63620.13,9,Dota 2,Multiplayer Online Battle Arena
714,Team Random,62500,1,Dota 2,Multiplayer Online Battle Arena
723,Thunderbirds,62500,1,Dota 2,Multiplayer Online Battle Arena
24861,mudgolems,59000,4,Dota 2,Multiplayer Online Battle Arena
411,Immortals,56000,5,Dota 2,Multiplayer Online Battle Arena
117,Team Dignitas,53105.89,15,Dota 2,Multiplayer Online Battle Arena
304,Team Archon,48323,4,Dota 2,Multiplayer Online Battle Arena
711,Team Zenith,48217.23,7,Dota 2,Multiplayer Online Battle Arena
302,London Conspiracy,47592,16,Dota 2,Multiplayer Online Battle Arena
24781,Rex Regum Qeon,42662.27,13,Dota 2,Multiplayer Online Battle Arena
205,PENTA Sports,38565.52,11,Dota 2,Multiplayer Online Battle Arena
24803,Team Unique,37200,12,Dota 2,Multiplayer Online Battle Arena
247,(monkey) Business,37194,2,Dota 2,Multiplayer Online Battle Arena
24812,Made in Thailand,34800.44,4,Dota 2,Multiplayer Online Battle Arena
401,Elite Wolves,34277,8,Dota 2,Multiplayer Online Battle Arena
24780,EVOS,33860,13,Dota 2,Multiplayer Online Battle Arena
260,No Tidehunter,31777.08,13,Dota 2,Multiplayer Online Battle Arena
807,Business associates,31365,9,Dota 2,Multiplayer Online Battle Arena
24834,NoPing e-sports,30438,6,Dota 2,Multiplayer Online Battle Arena
145,SK Telecom T1,30018.68,7,Dota 2,Multiplayer Online Battle Arena
814,Gen.G,2805813.88,15,PUBG,Battle Royale
240,FaZe Clan,1349801,32,PUBG,Battle Royale
102,Team Liquid,934382.58,34,PUBG,Battle Royale
344,OMG,753543.35,20,PUBG,Battle Royale
801,OGN Entus,680073.68,28,PUBG,Battle Royale
843,Four Angry Men,664126.73,23,PUBG,Battle Royale
337,Tempo Storm,550625,16,PUBG,Battle Royale
163,Natus Vincere,434435,17,PUBG,Battle Royale
212,Cloud9,359260,24,PUBG,Battle Royale
921,Actoz Stars,344125.5,8,PUBG,Battle Royale
24828,Infantry Clan,340077.96,13,PUBG,Battle Royale
823,Welcome to South Georgo,322800,9,PUBG,Battle Royale
196,Team SoloMid,292975,17,PUBG,Battle Royale
468,Afreeca Freecs,278101.48,18,PUBG,Battle Royale
830,Ghost Gaming,263160,17,PUBG,Battle Royale
24819,VC Gaming,251280.6,3,PUBG,Battle Royale
318,Snake Esports,229724,8,PUBG,Battle Royale
789,KSV eSports,225728.2,9,PUBG,Battle Royale
24918,Shoot To Kill,224963.75,14,PUBG,Battle Royale
24784,Susquehanna Soniqs,181088.75,12,PUBG,Battle Royale
825,Pittsburgh Knights,178145,16,PUBG,Battle Royale
777,Luminous Stars,177829.84,10,PUBG,Battle Royale
403,ahq e-Sports Club,174295.85,16,PUBG,Battle Royale
24813,Armory Gaming,158853.63,13,PUBG,Battle Royale
385,ENCE eSports,132677.56,8,PUBG,Battle Royale
482,Team Kongdoo,131998.5,11,PUBG,Battle Royale
805,AVANGAR,108235,9,PUBG,Battle Royale
24825,Divine Esports,107996.41,8,PUBG,Battle Royale
169,Vici Gaming,107086.99,13,PUBG,Battle Royale
145,SK Telecom T1,106636.53,5,PUBG,Battle Royale
24783,Wildcard Gaming,105104.75,13,PUBG,Battle Royale
216,Team Envy,104020,11,PUBG,Battle Royale
931,Triumphant Song Gaming,102491.77,5,PUBG,Battle Royale
24864,QConfirm,101776.14,5,PUBG,Battle Royale
227,LGD Gaming,101628.05,9,PUBG,Battle Royale
24821,Genesis,101258,4,PUBG,Battle Royale
581,Russian National Team,100000,1,PUBG,Battle Royale
24822,QM Gaming,98702.56,6,PUBG,Battle Royale
24829,Athletico,98195.23,9,PUBG,Battle Royale
256,G2 Esports,96000,6,PUBG,Battle Royale
24820,The Rumblers,96000,5,PUBG,Battle Royale
571,Lazarus,95950,8,PUBG,Battle Royale
162,Ninjas in Pyjamas,95881.03,8,PUBG,Battle Royale
24841,Buriram United Esports,92945.34,7,PUBG,Battle Royale
317,Luminosity Gaming,84000,2,PUBG,Battle Royale
821,Griffin,83274.06,5,PUBG,Battle Royale
24713,Tornado Energy,82594.1,11,PUBG,Battle Royale
343,Royal Never Give Up,81734.76,8,PUBG,Battle Royale
24714,Northern Lights,72850,8,PUBG,Battle Royale
24818,DeToNator,72021.2,10,PUBG,Battle Royale
220,Team Roccat,70801.5,5,PUBG,Battle Royale
24812,Made in Thailand,69946.23,9,PUBG,Battle Royale
24826,Sunsister,63119.42,10,PUBG,Battle Royale
198,against All authority,60000,1,PUBG,Battle Royale
24814,Purple Mood E-Sport,59316.48,11,PUBG,Battle Royale
583,Korean National Team,58000,1,PUBG,Battle Royale
229,wisdom Nerve victory,57542.4,2,PUBG,Battle Royale
231,OpTic Gaming,56850,7,PUBG,Battle Royale
24866,FURY,55708.6,7,PUBG,Battle Royale
661,M19,55000,4,PUBG,Battle Royale
24824,Global Esports Xsset,54259.38,5,PUBG,Battle Royale
205,PENTA Sports,51221.2,7,PUBG,Battle Royale
589,Canadian National Team,50000,1,PUBG,Battle Royale
24955,DivisionX Gaming,50000,2,PUBG,Battle Royale
543,RED Canids,46976.13,4,PUBG,Battle Royale
24803,Team Unique,45500,2,PUBG,Battle Royale
340,Qiao Gu Reapers,45372,1,PUBG,Battle Royale
846,Nova eSports,45176,6,PUBG,Battle Royale
24823,WClick,44600,3,PUBG,Battle Royale
695,Vietnamese National Team,44000,1,PUBG,Battle Royale
24869,CERBERUS Esports,42877.35,8,PUBG,Battle Royale
293,Noble eSports,39200,4,PUBG,Battle Royale
362,DetonatioN,38315.36,6,PUBG,Battle Royale
579,German National Team,38000,1,PUBG,Battle Royale
251,Vitality,38000,9,PUBG,Battle Royale
663,eUnited,37690,9,PUBG,Battle Royale
829,Winstrike Team,37000,2,PUBG,Battle Royale
24875,ArkAngel,35500,4,PUBG,Battle Royale
24944,303 Esports,34508.75,5,PUBG,Battle Royale
638,Thai National Team,34000,1,PUBG,Battle Royale
24706,FunPlus Phoenix,33886.17,4,PUBG,Battle Royale
117,Team Dignitas,31960,6,PUBG,Battle Royale
637,Taiwanese National Team,30000,1,PUBG,Battle Royale
184,Flash Wolves,29571.51,8,PUBG,Battle Royale
24781,Rex Regum Qeon,29549.38,5,PUBG,Battle Royale
674,The Chiefs eSports Club,29282.27,4,PUBG,Battle Royale
848,Spacestation Gaming,28985,7,PUBG,Battle Royale
708,Team Singularity,27219.71,7,PUBG,Battle Royale
609,Chinese National Team,26000,1,PUBG,Battle Royale
24801,Simplicity Esports,26000,3,PUBG,Battle Royale
24831,Rascal Jester,25135.74,9,PUBG,Battle Royale
132,MVP,25081,6,PUBG,Battle Royale
963,FURIA Esports,24708.1,7,PUBG,Battle Royale
113,ALTERNATE aTTaX,22425.57,6,PUBG,Battle Royale
24712,Elgiganten Gaming,22312.06,9,PUBG,Battle Royale
592,Argentinian National Team,22000,1,PUBG,Battle Royale
311,EDward Gaming,21908.92,6,PUBG,Battle Royale
505,J Team,21684.18,3,PUBG,Battle Royale
655,Black Dragons e-Sports,21541.11,5,PUBG,Battle Royale
548,Method,21000,5,PUBG,Battle Royale
256,G2 Esports,575312.54,66,Heroes of the Storm,Multiplayer Online Battle Arena
849,Nordavind,483601.94,43,Heroes of the Storm,Multiplayer Online Battle Arena
212,Cloud9,447242.63,107,Heroes of the Storm,Multiplayer Online Battle Arena
102,Team Liquid,426166.89,94,Heroes of the Storm,Multiplayer Online Battle Arena
184,Flash Wolves,417131.2,35,Heroes of the Storm,Multiplayer Online Battle Arena
571,Lazarus,366039,13,Heroes of the Storm,Multiplayer Online Battle Arena
104,compLexity Gaming,349189.46,74,Heroes of the Storm,Multiplayer Online Battle Arena
720,Planet Odd,344871.14,12,Heroes of the Storm,Multiplayer Online Battle Arena
349,Team Celestial,325502.87,24,Heroes of the Storm,Multiplayer Online Battle Arena
337,Tempo Storm,321833.14,106,Heroes of the Storm,Multiplayer Online Battle Arena
698,Team One More,321122.23,9,Heroes of the Storm,Multiplayer Online Battle Arena
103,Millenium,302268.47,36,Heroes of the Storm,Multiplayer Online Battle Arena
185,Virtus.pro,300120.06,19,Heroes of the Storm,Multiplayer Online Battle Arena
304,Team Archon,298733.08,59,Heroes of the Storm,Multiplayer Online Battle Arena
719,GamersOrigin,297974.11,43,Heroes of the Storm,Multiplayer Online Battle Arena
494,Team Spirit,275968.49,23,Heroes of the Storm,Multiplayer Online Battle Arena
169,Vici Gaming,242563.67,20,Heroes of the Storm,Multiplayer Online Battle Arena
261,Alliance,230972.12,25,Heroes of the Storm,Multiplayer Online Battle Arena
145,SK Telecom T1,229818.05,37,Heroes of the Storm,Multiplayer Online Battle Arena
306,Nihilum Gaming,204174.42,30,Heroes of the Storm,Multiplayer Online Battle Arena
163,Natus Vincere,187439.55,25,Heroes of the Storm,Multiplayer Online Battle Arena
343,Royal Never Give Up,166486.32,11,Heroes of the Storm,Multiplayer Online Battle Arena
112,SK Gaming,164747.85,40,Heroes of the Storm,Multiplayer Online Battle Arena
124,Invictus Gaming,159981.3,17,Heroes of the Storm,Multiplayer Online Battle Arena
609,Chinese National Team,138138.25,5,Heroes of the Storm,Multiplayer Online Battle Arena
24667,Suning,136050,8,Heroes of the Storm,Multiplayer Online Battle Arena
833,Solary,135138.11,16,Heroes of the Storm,Multiplayer Online Battle Arena
610,American National Team,130949.95,5,Heroes of the Storm,Multiplayer Online Battle Arena
317,Luminosity Gaming,129200.35,22,Heroes of the Storm,Multiplayer Online Battle Arena
841,Team Gamer Sensei,125255.28,9,Heroes of the Storm,Multiplayer Online Battle Arena
403,ahq e-Sports Club,119902.72,15,Heroes of the Storm,Multiplayer Online Battle Arena
505,J Team,118745,1,Heroes of the Storm,Multiplayer Online Battle Arena
742,Fade 2 Karma,110512.34,45,Heroes of the Storm,Multiplayer Online Battle Arena
440,Illuminar Gaming,104994.51,16,Heroes of the Storm,Multiplayer Online Battle Arena
210,Newbee,102409.46,20,Heroes of the Storm,Multiplayer Online Battle Arena
123,World Elite,97445,21,Heroes of the Storm,Multiplayer Online Battle Arena
196,Team SoloMid,88550,36,Heroes of the Storm,Multiplayer Online Battle Arena
251,Vitality,83143.33,31,Heroes of the Storm,Multiplayer Online Battle Arena
117,Team Dignitas,81520.49,36,Heroes of the Storm,Multiplayer Online Battle Arena
593,Czech National Team,67400,3,Heroes of the Storm,Multiplayer Online Battle Arena
153,ROOT Gaming,67193.85,18,Heroes of the Storm,Multiplayer Online Battle Arena
653,Arma Team,61549.29,34,Heroes of the Storm,Multiplayer Online Battle Arena
425,NRG Esports,58125,8,Heroes of the Storm,Multiplayer Online Battle Arena
301,TongFu,57191.43,10,Heroes of the Storm,Multiplayer Online Battle Arena
646,Escape Gaming,53125,3,Heroes of the Storm,Multiplayer Online Battle Arena
582,Ukranian National Team,52625,3,Heroes of the Storm,Multiplayer Online Battle Arena
915,Omnislash,48072.83,10,Heroes of the Storm,Multiplayer Online Battle Arena
413,eSuba,45882.58,25,Heroes of the Storm,Multiplayer Online Battle Arena
639,Brazilian National Team,45625,3,Heroes of the Storm,Multiplayer Online Battle Arena
24736,Radiance,44375,12,Heroes of the Storm,Multiplayer Online Battle Arena
701,New Zealand National Team,39000,3,Heroes of the Storm,Multiplayer Online Battle Arena
157,Wayi Spider,38613.91,12,Heroes of the Storm,Multiplayer Online Battle Arena
417,Team Hearthlytics,37510,13,Heroes of the Storm,Multiplayer Online Battle Arena
580,Norweigan National Team,37000,3,Heroes of the Storm,Multiplayer Online Battle Arena
236,Team Curse,35084.18,9,Heroes of the Storm,Multiplayer Online Battle Arena
848,Spacestation Gaming,33900,10,Heroes of the Storm,Multiplayer Online Battle Arena
24677,Team Oplon,32500,1,Heroes of the Storm,Multiplayer Online Battle Arena
699,Hong Kong National Team,31500,3,Heroes of the Storm,Multiplayer Online Battle Arena
24687,Sentinels,29900,17,Heroes of the Storm,Multiplayer Online Battle Arena
119,Meet Your Makers,29133.76,29,Heroes of the Storm,Multiplayer Online Battle Arena
602,Danish National Team,28000,3,Heroes of the Storm,Multiplayer Online Battle Arena
24679,Konix eSport,27250,1,Heroes of the Storm,Multiplayer Online Battle Arena
608,British National Team,26000,3,Heroes of the Storm,Multiplayer Online Battle Arena
583,Korean National Team,25025,3,Heroes of the Storm,Multiplayer Online Battle Arena
594,Bulgarian National Team,24000,2,Heroes of the Storm,Multiplayer Online Battle Arena
24776,Raise Your Edge Gaming,22750,11,Heroes of the Storm,Multiplayer Online Battle Arena
207,Counter Logic Gaming,22668.38,3,Heroes of the Storm,Multiplayer Online Battle Arena
721,Kyoto eSports,22315.7,11,Heroes of the Storm,Multiplayer Online Battle Arena
529,Misfits,22249.58,9,Heroes of the Storm,Multiplayer Online Battle Arena
24771,Team Phantasma,21975,8,Heroes of the Storm,Multiplayer Online Battle Arena
574,ANOX,20836.94,4,Heroes of the Storm,Multiplayer Online Battle Arena
311,EDward Gaming,20445.27,6,Heroes of the Storm,Multiplayer Online Battle Arena
363,Big3,18683.42,7,Heroes of the Storm,Multiplayer Online Battle Arena
350,Vicious Syndicate Gaming,16925,10,Heroes of the Storm,Multiplayer Online Battle Arena
597,Singaporian National Team,16625,3,Heroes of the Storm,Multiplayer Online Battle Arena
599,Spanish National Team,16625,3,Heroes of the Storm,Multiplayer Online Battle Arena
605,Portugese National Team,16000,2,Heroes of the Storm,Multiplayer Online Battle Arena
696,Japanese National Team,15500,3,Heroes of the Storm,Multiplayer Online Battle Arena
598,Dutch National Team,14625,3,Heroes of the Storm,Multiplayer Online Battle Arena
205,PENTA Sports,14073.29,10,Heroes of the Storm,Multiplayer Online Battle Arena
708,Team Singularity,13250,5,Heroes of the Storm,Multiplayer Online Battle Arena
359,Trig Esports,12799.81,8,Heroes of the Storm,Multiplayer Online Battle Arena
636,Chilean National Team,12000,2,Heroes of the Storm,Multiplayer Online Battle Arena
704,Swiss National Team,12000,2,Heroes of the Storm,Multiplayer Online Battle Arena
501,GODSENT,11750,5,Heroes of the Storm,Multiplayer Online Battle Arena
825,Pittsburgh Knights,11500,7,Heroes of the Storm,Multiplayer Online Battle Arena
740,AGO Esports,11434.16,6,Heroes of the Storm,Multiplayer Online Battle Arena
958,FC Barcelona,11000,5,Heroes of the Storm,Multiplayer Online Battle Arena
528,Valencia CF eSports,10250,2,Heroes of the Storm,Multiplayer Online Battle Arena
585,Mexican National Team,10200,3,Heroes of the Storm,Multiplayer Online Battle Arena
693,Belgian National Team,10025,3,Heroes of the Storm,Multiplayer Online Battle Arena
589,Canadian National Team,10025,3,Heroes of the Storm,Multiplayer Online Battle Arena
690,Italian National Team,10000,3,Heroes of the Storm,Multiplayer Online Battle Arena
824,The Gosu Crew,9718.96,3,Heroes of the Storm,Multiplayer Online Battle Arena
700,Greek National Team,9600,3,Heroes of the Storm,Multiplayer Online Battle Arena
579,German National Team,9425,3,Heroes of the Storm,Multiplayer Online Battle Arena
638,Thai National Team,9400,3,Heroes of the Storm,Multiplayer Online Battle Arena
587,Polish National Team,9025,3,Heroes of the Storm,Multiplayer Online Battle Arena
584,Swedish National Team,9025,3,Heroes of the Storm,Multiplayer Online Battle Arena
606,Romanian National Team,9000,3,Heroes of the Storm,Multiplayer Online Battle Arena
132,MVP,1656839.93,24,Hearthstone,Collectible Card Game
117,Team Dignitas,1178555.54,30,Hearthstone,Collectible Card Game
118,Fnatic,931148.76,39,Hearthstone,Collectible Card Game
814,Gen.G,700000,4,Hearthstone,Collectible Card Game
621,Ballistix,680000,9,Hearthstone,Collectible Card Game
430,eStar Gaming,638445.71,44,Hearthstone,Collectible Card Game
525,Tempest,544085,14,Hearthstone,Collectible Card Game
337,Tempo Storm,505121,41,Hearthstone,Collectible Card Game
102,Team Liquid,433315.75,42,Hearthstone,Collectible Card Game
212,Cloud9,393735.81,34,Hearthstone,Collectible Card Game
572,Gale Force eSports,275967,23,Hearthstone,Collectible Card Game
311,EDward Gaming,273145.71,38,Hearthstone,Collectible Card Game
545,L5,259630,7,Hearthstone,Collectible Card Game
499,Team Naventic,217569,10,Hearthstone,Collectible Card Game
546,Team expert,200677.18,5,Hearthstone,Collectible Card Game
671,Tricked eSports,200000,4,Hearthstone,Collectible Card Game
789,KSV eSports,160000,3,Hearthstone,Collectible Card Game
168,mYinsanity,157900,9,Hearthstone,Collectible Card Game
163,Natus Vincere,135273.04,20,Hearthstone,Collectible Card Game
483,Team No Limit,132718.55,9,Hearthstone,Collectible Card Game
408,X-Team,129870.69,27,Hearthstone,Collectible Card Game
285,Team DK,127944.58,6,Hearthstone,Collectible Card Game
548,Method,125000,5,Hearthstone,Collectible Card Game
677,Astral Authority,107500,7,Hearthstone,Collectible Card Game
172,Denial Esports,79500,4,Hearthstone,Collectible Card Game
318,Snake Esports,69315.87,7,Hearthstone,Collectible Card Game
309,Mindfreak,54000,6,Hearthstone,Collectible Card Game
283,COGnitive Gaming,50100,11,Hearthstone,Collectible Card Game
256,G2 Esports,47493.55,19,Hearthstone,Collectible Card Game
529,Misfits,40000,3,Hearthstone,Collectible Card Game
185,Virtus.pro,35721.36,12,Hearthstone,Collectible Card Game
176,Exile5,32958.73,5,Hearthstone,Collectible Card Game
543,RED Canids,32500,6,Hearthstone,Collectible Card Game
344,OMG,30456.01,7,Hearthstone,Collectible Card Game
220,Team Roccat,30172.96,6,Hearthstone,Collectible Card Game
104,compLexity Gaming,28100,15,Hearthstone,Collectible Card Game
372,Panda Global,22000,6,Hearthstone,Collectible Card Game
527,Brain Power,15000,1,Hearthstone,Collectible Card Game
429,Bob Question Mark,13240.19,6,Hearthstone,Collectible Card Game
407,Brave e-Sports,10800,2,Hearthstone,Collectible Card Game
210,Newbee,8919.75,8,Hearthstone,Collectible Card Game
587,Polish National Team,8000,1,Hearthstone,Collectible Card Game
706,Dark Sided,7500,1,Hearthstone,Collectible Card Game
403,ahq e-Sports Club,6133.56,2,Hearthstone,Collectible Card Game
398,CNB e-Sports Club,6002.41,7,Hearthstone,Collectible Card Game
195,Epsilon eSports,5000,1,Hearthstone,Collectible Card Game
421,Reason Gaming,5000,1,Hearthstone,Collectible Card Game
113,ALTERNATE aTTaX,4755.57,7,Hearthstone,Collectible Card Game
24987,Granit Gaming,3775,10,Hearthstone,Collectible Card Game
436,El NeXo,3307.48,9,Hearthstone,Collectible Card Game
544,INTZ eSports,3250,4,Hearthstone,Collectible Card Game
112,SK Gaming,3075,6,Hearthstone,Collectible Card Game
598,Dutch National Team,3000,1,Hearthstone,Collectible Card Game
586,French National Team,3000,1,Hearthstone,Collectible Card Game
579,German National Team,3000,1,Hearthstone,Collectible Card Game
604,Hungarian National Team,3000,1,Hearthstone,Collectible Card Game
690,Italian National Team,3000,1,Hearthstone,Collectible Card Game
581,Russian National Team,3000,1,Hearthstone,Collectible Card Game
584,Swedish National Team,3000,1,Hearthstone,Collectible Card Game
716,Isurus Gaming,2000,1,Hearthstone,Collectible Card Game
234,Elevate,1600,2,Hearthstone,Collectible Card Game
693,Belgian National Team,1500,1,Hearthstone,Collectible Card Game
608,British National Team,1500,1,Hearthstone,Collectible Card Game
593,Czech National Team,1500,1,Hearthstone,Collectible Card Game
602,Danish National Team,1500,1,Hearthstone,Collectible Card Game
588,Finnish National Team,1500,1,Hearthstone,Collectible Card Game
605,Portugese National Team,1500,1,Hearthstone,Collectible Card Game
599,Spanish National Team,1500,1,Hearthstone,Collectible Card Game
582,Ukranian National Team,1500,1,Hearthstone,Collectible Card Game
317,Luminosity Gaming,1300,2,Hearthstone,Collectible Card Game
799,Wind and Rain,1217.78,1,Hearthstone,Collectible Card Game
655,Black Dragons e-Sports,1000,1,Hearthstone,Collectible Card Game
812,ePunks,800,1,Hearthstone,Collectible Card Game
322,Team Kinguin,750,1,Hearthstone,Collectible Card Game
103,Millenium,640.67,2,Hearthstone,Collectible Card Game
233,TCM Gaming,500,1,Hearthstone,Collectible Card Game
111,mousesports,416.84,3,Hearthstone,Collectible Card Game
342,Star Horn Royal Club,306,1,Hearthstone,Collectible Card Game
203,3DMAX,300,3,Hearthstone,Collectible Card Game
109,Team Acer,175,1,Hearthstone,Collectible Card Game
430,eStar Gaming,2613323.67,5,Arena of Valor,Multiplayer Online Battle Arena
24680,Hero JiuJ,1104361.96,5,Arena of Valor,Multiplayer Online Battle Arena
340,Qiao Gu Reapers,951865.26,5,Arena of Valor,Multiplayer Online Battle Arena
24841,Buriram United Esports,658817.54,7,Arena of Valor,Multiplayer Online Battle Arena
343,Royal Never Give Up,361620.46,4,Arena of Valor,Multiplayer Online Battle Arena
505,J Team,336308.02,3,Arena of Valor,Multiplayer Online Battle Arena
311,EDward Gaming,321077.65,5,Arena of Valor,Multiplayer Online Battle Arena
24946,Bazaar Gaming,300325.26,7,Arena of Valor,Multiplayer Online Battle Arena
695,Vietnamese National Team,268500,3,Arena of Valor,Multiplayer Online Battle Arena
403,ahq e-Sports Club,267634.02,9,Arena of Valor,Multiplayer Online Battle Arena
24708,Talon Esports,231691.7,4,Arena of Valor,Multiplayer Online Battle Arena
931,Triumphant Song Gaming,222943.81,2,Arena of Valor,Multiplayer Online Battle Arena
24945,King of Gamers Club,211777.93,5,Arena of Valor,Multiplayer Online Battle Arena
583,Korean National Team,203000,1,Arena of Valor,Multiplayer Online Battle Arena
184,Flash Wolves,199461.65,4,Arena of Valor,Multiplayer Online Battle Arena
637,Taiwanese National Team,196000,3,Arena of Valor,Multiplayer Online Battle Arena
638,Thai National Team,187000,2,Arena of Valor,Multiplayer Online Battle Arena
795,DragonX,179170.89,6,Arena of Valor,Multiplayer Online Battle Arena
797,Rogue Warriors,165306.18,4,Arena of Valor,Multiplayer Online Battle Arena
846,Nova eSports,163317.81,8,Arena of Valor,Multiplayer Online Battle Arena
267,ROX Gaming,142889.92,5,Arena of Valor,Multiplayer Online Battle Arena
744,Hong Kong Attitude,111667.89,3,Arena of Valor,Multiplayer Online Battle Arena
24780,EVOS,86596.83,6,Arena of Valor,Multiplayer Online Battle Arena
609,Chinese National Team,67500,3,Arena of Valor,Multiplayer Online Battle Arena
586,French National Team,50000,1,Arena of Valor,Multiplayer Online Battle Arena
132,MVP,41363.97,2,Arena of Valor,Multiplayer Online Battle Arena
530,Team Allegiance,40000,2,Arena of Valor,Multiplayer Online Battle Arena
610,American National Team,34500,2,Arena of Valor,Multiplayer Online Battle Arena
411,Immortals,31000,2,Arena of Valor,Multiplayer Online Battle Arena
761,GameTV,26615.4,2,Arena of Valor,Multiplayer Online Battle Arena
832,Team Queso,25000,2,Arena of Valor,Multiplayer Online Battle Arena
921,Actoz Stars,22250,1,Arena of Valor,Multiplayer Online Battle Arena
579,German National Team,20000,1,Arena of Valor,Multiplayer Online Battle Arena
690,Italian National Team,15000,1,Arena of Valor,Multiplayer Online Battle Arena
396,paiN Gaming,15000,1,Arena of Valor,Multiplayer Online Battle Arena
215,FlipSid3 Tactics,11000,2,Arena of Valor,Multiplayer Online Battle Arena
544,INTZ eSports,10000,1,Arena of Valor,Multiplayer Online Battle Arena
599,Spanish National Team,10000,1,Arena of Valor,Multiplayer Online Battle Arena
24948,Team Flash,10000,1,Arena of Valor,Multiplayer Online Battle Arena
781,Team QLASH,10000,1,Arena of Valor,Multiplayer Online Battle Arena
251,Vitality,10000,1,Arena of Valor,Multiplayer Online Battle Arena
323,x6tence,10000,2,Arena of Valor,Multiplayer Online Battle Arena
24874,MEGA Esports,6544.4,1,Arena of Valor,Multiplayer Online Battle Arena
24781,Rex Regum Qeon,6286.8,2,Arena of Valor,Multiplayer Online Battle Arena
261,Alliance,4000,1,Arena of Valor,Multiplayer Online Battle Arena
713,Marines Esports,3429.6,1,Arena of Valor,Multiplayer Online Battle Arena
608,British National Team,2500,1,Arena of Valor,Multiplayer Online Battle Arena
584,Swedish National Team,2500,1,Arena of Valor,Multiplayer Online Battle Arena